,Cycles at NDE Test,Cycles at Failure,Current Unfailed Cycles,f,NLE_avg17,NLE_avg51,NLE_avg85,NLE_avg119,Stress,Average,St Dev,Confidence,Unnamed: 0,ACEE_30_Avg_38,ACEE_500_Avg_38,Avg_EFC,Avg_RP,ACPD_Avg_38,ACEE_30_Avg_58,ACEE_500_Avg_58,ACPD_Avg_58
10C,300000,,,,0.45552433333333336,0.41821033333333335,0.512854,0.22867766666666667,300,4.240700019571269,24.965133954644898,4.6040184687223,11,-0.8046066666666666,-1.77993,92.248,171.6229339776,1.9936597922836607,-0.79764,-1.795,2.5796375540800467
13C,150000,,,,0.4624253333333333,0.4252716666666667,0.5092036666666667,0.21630399999999997,150,10.196998189415599,25.8694586650777,3.6358912466513598,5,-0.3818166666666668,-1.5416733333333337,91.837,170.13049063860004,3.0788950218811166,-0.6608750000000001,-2.167395,3.7255141315537226
13C,150000,,,,0.4624253333333333,0.4252716666666667,0.5092036666666667,0.21630399999999997,150,9.08213163876019,26.4911775084795,2.89568137363816,5,-0.3818166666666668,-1.5416733333333337,91.837,170.13049063860004,3.0788950218811166,-0.6608750000000001,-2.167395,3.7255141315537226
13C,150000,,,,0.4624253333333333,0.4252716666666667,0.5092036666666667,0.21630399999999997,150,9.78484258067973,28.6764411837748,3.3247088901112205,5,-0.3818166666666668,-1.5416733333333337,91.837,170.13049063860004,3.0788950218811166,-0.6608750000000001,-2.167395,3.7255141315537226
14C,2000000,,,,0.45515900000000004,0.41106333333333334,0.49154233333333336,0.21560233333333334,2000,4.58821995846494,24.3273937457368,4.59790293441751,29,-0.8470566666666667,-0.8470566666666667,88.81200000000003,159.3476040736,2.5156831165180256,-0.8282500000000002,-0.8282500000000002,3.2913918200198395
16C,2000000,,,,0.4482356666666667,0.40347933333333336,0.4722693333333334,0.19735866666666665,2000,3.75516497642302,21.280844319786603,3.84658704485932,31,-1.0484866666666666,-1.76947,91.679,169.55849739540002,1.6234296120982157,-1.10897,-1.80855,2.4461516030866424
19C,450000,914392.0,,0.49213028985380447,0.46999966666666665,0.4600716666666666,0.5806883333333333,0.24914766666666666,450,3.7987359319347798,22.0439551823567,4.164618095456509,12,-0.9278533333333332,-1.4585366666666666,92.331,171.9251230834,2.473902190889845,-1.065155,-1.57074,3.2269569882483964
20C,2000000,,,,0.454961,0.4071356666666666,0.490481,0.21561633333333333,2000,3.79172559535731,22.269870677114202,4.14779572388702,28,-0.79527,-0.79527,91.807,170.0218098306,2.3992078267024817,-1.2239600000000002,-1.2239600000000002,2.646820422728163
21C,600000,800007.0,,0.7499934375574214,0.45536099999999996,0.4232333333333333,0.509838,0.22460466666666667,600,4.6263142697109805,26.2685555129001,4.982827729013111,18,-0.8652433333333333,-1.6091566666666666,92.9,174.00395400000005,2.305977724230848,-0.8848999999999999,-1.5787950000000002,2.7648617369244146
23C,600000,,2855225.0,,0.4564536666666667,0.4193436666666666,0.508837,0.22634033333333334,600,5.62183323682647,26.9087909408261,4.98698555871454,16,-0.5748733333333335,-0.98549,92.736,173.4034945024,2.5362826629452173,-0.83111,-1.19454,3.0617427199622016
24C,300000,,,,0.4717726666666667,0.3984033333333333,0.48621600000000004,0.20671666666666666,300,5.06445638445246,8.72738831756836,1.57097586096752,8,-0.6276999999999999,-1.9857533333333333,93.023,174.45498346259998,3.041253303960996,-0.8167549999999999,-1.836935,4.259981695050666
25C,600000,,2044844.0,,0.458401,0.403875,0.49677733333333335,0.21888633333333332,600,3.06169324400625,21.6173968364077,4.13790015359381,17,-0.7089333333333333,-0.92248,92.551,172.72739945939998,2.435773860646208,-0.912065,-0.927155,3.284086637944961
26C,750000,,3579121.0,,0.4664976666666667,0.41551933333333335,0.5089766666666667,0.23089099999999996,750,4.83116085855715,8.34435053718202,1.5462696704594299,20,-0.7864366666666666,-1.1088733333333334,91.771,169.89143895540002,3.1518719595814297,-0.6878,-1.269005,3.820881072383677
27C,750000,1047627.0,,0.7159036565495162,0.4595746666666667,0.4195743333333333,0.5113723333333332,0.22980333333333333,750,5.0206072647652995,30.0727692212844,5.624510988337571,21,-0.6555933333333333,-1.2778633333333334,92.814,173.68894876239997,2.150684051512823,-1.276355,-1.60215,2.7466341761083166
28C,750000,,2287912.0,,0.46373200000000003,0.4102996666666667,0.4809516666666666,0.20044966666666666,750,7.862191750884559,17.331580985399302,2.3215118818004,22,-1.03632,-1.3494533333333332,92.122,171.16469994960002,2.220399373690454,-0.8627199999999999,-1.2809549999999998,2.8396265734039816
29C,784540,784540.0,,1.0,0.469794,0.4012463333333333,0.47698733333333326,0.20315233333333335,785,3.28049374677525,21.632972248894898,3.9913411993385806,34,-0.8672299999999998,-1.2458733333333332,90.3614,164.826226633224,2.733214596696324,-0.9481850000000001,-1.33139,3.413651445267228
30C,450000,,,,0.478211,0.44227599999999995,0.5718426666666666,0.2465636666666667,450,3.51367595990588,22.5180300420437,4.208834152205291,13,-0.46121999999999996,-0.9833966666666668,93.014,174.42196140239997,2.6052528946380096,-0.9681299999999999,-1.24822,3.3052794650102224
31C,1073548,1073548.0,,1.0,0.4521193333333333,0.41327699999999995,0.4942040000000001,0.20682566666666666,1074,6.779590733518551,15.7022860320472,3.07784450115237,35,-1.1250799999999999,-1.1250799999999999,89.75005999999998,162.65342503806983,2.588874014711156,-1.18608,-1.18608,3.329151852781623
32C,450000,756142.0,,0.5951263122535185,0.481595,0.406863,0.5254676666666667,0.22113233333333335,450,4.29626140022134,23.428986067831698,4.39167095292175,14,-0.6597466666666668,-1.5990766666666665,91.723,169.71768934259995,2.292964665854754,-0.6171900000000002,-1.3124149999999997,2.9079217386689056
34C,300000,,,,0.46646750000000003,0.3955563333333333,0.4909743333333333,0.21711766666666665,300,4.84945514474168,27.553876082706104,5.13561335934624,9,-0.88564,-1.3774866666666667,91.811,170.03629858740004,2.811181904315144,-1.01434,-1.5217549999999995,3.5799597291536367
35C,150000,,,,0.44850166666666663,0.43404533333333334,0.5220206666666667,0.22999999999999998,150,3.7600737780853506,20.9257989484824,3.9752544950975697,7,-0.8139000000000002,-1.2989700000000002,92.165,171.321012165,2.647839384084659,-0.8674300000000001,-1.3500650000000003,3.0506498786417606
36C,348957,348957.0,,1.0,,,,,349,5.1106377595064405,29.782726241749,5.607832086126679,33,-0.8899519999999999,-0.589952,91.86816,170.24341074264063,2.2484839797875207,-0.6901466666666667,-0.3901466666666665,2.417589942795871
37C,900000,1414878.0,,0.6360972465470521,0.4743743333333334,0.42371833333333336,0.5367116666666667,0.23022166666666666,900,3.44692107938055,22.993693429731497,4.37807285946346,24,-0.8531833333333333,-1.4074366666666664,91.765,169.86971536500005,2.111396615860716,-0.8630800000000001,-1.6935900000000002,2.3751927531471275
38C,2000000,,,,0.44622933333333337,0.4258403333333333,0.500404,0.209477,2000,3.90872656095006,24.2976861319036,4.39820618899782,30,-1.031526666666667,-1.3221366666666663,90.549,165.4958951794,2.918124098855259,-1.022275,-1.432265,3.5416462660194634
39C,900000,,3001992.0,,0.47804633333333335,0.4258473333333333,0.5472046666666667,0.23247566666666666,900,6.348333565950379,13.916980350099198,1.74355998305722,25,-0.71543,-0.8095733333333334,93.975,177.96573212499996,2.691097141889916,-1.1929150000000002,-1.12691,3.1864471864163124
41C,0,2154137.0,,0.0,0.4749726666666667,0.424278,0.5262213333333333,0.21966666666666668,0,5.576475790012701,28.544945222344197,5.2696707643162695,0,-0.24998333333333325,-2.664716666666666,97.424,190.9792940544,3.726050550508095,-0.13763999999999987,-2.86603,4.804749137240916
42C,900000,1503724.0,,0.5985140890216556,0.4713533333333333,0.431931,0.5480303333333333,0.23272,900,6.875911460864231,13.3767729560135,2.47107099292208,26,-0.94899,-0.9541166666666668,91.739,169.77559594740003,3.0378938797144848,-0.92684,-1.24377,4.044555371045278
43C,0,,,,0.480779,0.42248899999999995,0.536228,0.227631,0,3.4229031446289504,22.408123692234998,4.10461506845682,1,-0.3963533333333333,-2.390293333333333,95.836,184.93021458240003,3.064433840498315,-0.46204,-2.254125,3.869428125087372
44C,0,1318034.0,,0.0,0.48297533333333337,0.429125,0.5508503333333333,0.23045666666666667,0,4.619562972459,9.3090246677017,1.24394935661209,2,-0.4996066666666668,-2.7472966666666667,96.436,187.2042606624,2.720380957460376,-0.5963850000000002,-2.7884999999999995,3.370729062439798
45C,0,,3245267.0,,0.4741016666666667,0.4250483333333333,0.5393196666666665,0.233013,0,3.4583373034347202,22.3563415834519,3.88955502631158,3,-0.5825433333333333,-3.0513266666666667,96.91,189.01063314,3.0647319450528734,-0.64571,-3.20222,4.1866385825997785
46C,450000,,,,0.48994800000000005,0.437052,0.5824003333333333,0.24989066666666668,450,6.44495874850291,11.472066856723002,1.4188342488096002,15,-1.0772533333333332,-1.1847566666666671,92.496,172.52665431039998,2.8186731987787987,-1.06423,-1.1761,3.5269694722205918
47C,600000,,,,0.46205999999999997,0.40247966666666674,0.4837293333333333,0.20473866666666665,600,4.89161720887616,8.40363755793021,1.08181894075764,19,-1.0849033333333329,-1.41759,93.503,176.22071357460004,3.066596055915991,-1.1313299999999995,-1.605635,3.7015260104046512
48C,750000,,2016052.0,,0.463444,0.41507333333333335,0.5098159999999999,0.22397566666666668,750,6.16477725219922,11.3269706806407,1.5325598271018401,23,-0.9820233333333334,-1.5862733333333334,92.294,171.7903792584,3.376180334134041,-0.9269149999999999,-1.7042599999999999,4.225329417566708
49C,900000,,3043805.0,,0.47671,0.41755933333333334,0.5427919999999999,0.2336113333333333,900,6.897755733546879,12.9283244978442,1.8451746682123402,27,-0.8001133333333333,-1.40898,92.258,171.65932814159999,2.7412866737476747,-0.6662750000000001,-1.364115,3.6113480659010935
6C,318528,318528.0,,1.0,0.4713043333333334,0.4283186666666667,0.534609,0.23600033333333334,319,5.857379648671321,30.4812711123634,5.853916527717839,32,-0.9714599999999998,-1.600164,87.89620000000002,156.15316630413602,2.6944072128809453,-0.9856399999999996,-1.9006,2.9373652928550213
7C,150000,,,,0.46198066666666665,0.4328086666666667,0.5264346666666667,0.225221,150,4.720873640761621,6.4063142242669295,1.1921896348716599,4,-1.0796,-1.5042966666666666,94.287,179.12396435860003,2.9573024113448896,-1.13596,-1.7181149999999996,3.4384512094770763
8C,150000,,,,0.4535423333333333,0.4234803333333333,0.5151796666666667,0.218427,150,3.47700572332822,23.277761240481,4.21986317793188,6,-0.8785533333333332,-1.5304833333333334,91.764,169.8660949024,2.787400456818245,-0.9518399999999998,-1.502545,3.529319186118504
9C,300000,,,,0.4535216666666666,0.41026433333333334,0.4928776666666667,0.21085299999999998,300,5.642205522366719,11.0323734439274,2.07061734030583,10,-0.9288,-1.7036866666666668,92.648,173.0817269376,3.286367051665738,-0.917735,-1.67576,3.958265668225452
